n_qubits,statevector_length,chosen_D,bond_qubits,total_mps_circuit_qubits,mps_fidelity,mps_cx,mps_u,mps_depth,dense_cx,dense_u,dense_depth
3,8,2,1,4,1.0000000000000004,7,20,17,4,7,9
4,16,2,1,5,1.0,10,28,24,11,15,23
5,32,3,2,7,0.999972678987025,66,130,135,26,31,53
6,64,3,2,8,0.9999320316807392,85,170,175,57,63,115
7,128,3,2,9,0.9999195746562954,104,208,213,120,127,241
8,256,3,2,10,0.9999163147430374,123,250,253,247,255,495
9,512,3,2,11,0.9999154906287999,141,283,289,502,511,1005
10,1024,3,2,12,0.999915284028748,160,323,328,1013,1023,2027
